<?xml version="1.0" encoding="UTF-8"?>
<metadata xml:lang="en"><Esri><CreaDate>20220310</CreaDate><CreaTime>09335300</CreaTime><ArcGISFormat>1.0</ArcGISFormat><SyncOnce>FALSE</SyncOnce><DataProperties><lineage><Process ToolSource="c:\program files (x86)\arcgis\desktop10.8\ArcToolbox\Toolboxes\Data Management Tools.tbx\CopyFeatures" Date="20211112" Time="132925">CopyFeatures xy_event_layer C:\Users\subas\Downloads\Water_Resource\Water_Resource\water_resource.shp # 0 0 0</Process><Process ToolSource="c:\program files (x86)\arcgis\desktop10.8\ArcToolbox\Toolboxes\Data Management Tools.tbx\CalculateField" Date="20211129" Time="105227">CalculateField water_resource Ward_new [वडा] VB #</Process><Process ToolSource="c:\program files (x86)\arcgis\desktop10.8\ArcToolbox\Toolboxes\Data Management Tools.tbx\CalculateField" Date="20211129" Time="105251">CalculateField water_resource Ward_new 9 VB #</Process><Process ToolSource="c:\program files (x86)\arcgis\desktop10.8\ArcToolbox\Toolboxes\Data Management Tools.tbx\CalculateField" Date="20211129" Time="105414">CalculateField water_resource Ward_new 0 VB #</Process><Process ToolSource="c:\program files (x86)\arcgis\desktop10.8\ArcToolbox\Toolboxes\Data Management Tools.tbx\CalculateField" Date="20211207" Time="110629">CalculateField water_resource वडा 9 VB #</Process><Process ToolSource="c:\program files (x86)\arcgis\desktop10.8\ArcToolbox\Toolboxes\Data Management Tools.tbx\CalculateField" Date="20211213" Time="174200">CalculateField water_resource Capacity 50000 VB #</Process><Process ToolSource="c:\program files (x86)\arcgis\desktop10.5\ArcToolbox\Toolboxes\Data Management Tools.tbx\Merge" Date="20220310" Time="093216">Merge Water_Resource_6;Water_Resource_4;Water_Resource_9;Water_Resource_8;Water_Resource_7;Water_resource_5;Water_Resource_3;Water_Resource_2;Water_Resource_1 C:\Users\user\Documents\ArcGIS\Default.gdb\Water_Resource_Merge2 "Field1 "Field1" true true false 4 Long 0 0 ,First,#,Water_Resource_6,Field1,-1,-1,Water_Resource_4,Field1,-1,-1,Water_Resource_9,Field1,-1,-1,Water_Resource_8,Field1,-1,-1,Water_Resource_7,Field1,-1,-1,Water_resource_5,Field1,-1,-1,Water_Resource_3,Field1,-1,-1,Water_Resource_2,Field1,-1,-1,Water_Resource_1,Field1,-1,-1;SN "SN" true true false 4 Long 0 0 ,First,#,Water_Resource_6,SN,-1,-1,Water_Resource_4,SN,-1,-1,Water_Resource_9,SN,-1,-1,Water_Resource_8,SN,-1,-1,Water_Resource_7,SN,-1,-1,Water_resource_5,SN,-1,-1,Water_Resource_3,SN,-1,-1,Water_Resource_2,SN,-1,-1,Water_Resource_1,SN,-1,-1;Name_र_c "Name_र_c" true true false 254 Text 0 0 ,First,#,Water_Resource_6,Name_र_c,-1,-1,Water_Resource_4,Name_र_c,-1,-1,Water_Resource_9,Name_र_c,-1,-1,Water_Resource_8,Name_र_c,-1,-1,Water_Resource_7,Name_र_c,-1,-1,Water_resource_5,Name_र_c,-1,-1,Water_Resource_3,Name_र_c,-1,-1,Water_Resource_2,Name_र_c,-1,-1,Water_Resource_1,Name_र_c,-1,-1;Types_of_w "Types_of_w" true true false 254 Text 0 0 ,First,#,Water_Resource_6,Types_of_w,-1,-1,Water_Resource_4,Types_of_w,-1,-1,Water_Resource_9,Types_of_w,-1,-1,Water_Resource_8,Types_of_w,-1,-1,Water_Resource_7,Types_of_w,-1,-1,Water_resource_5,Types_of_w,-1,-1,Water_Resource_3,Types_of_w,-1,-1,Water_Resource_2,Types_of_w,-1,-1,Water_Resource_1,Types_of_w,-1,-1;If__अन "If__अन" true true false 254 Text 0 0 ,First,#,Water_Resource_6,If__अन,-1,-1,Water_Resource_4,If__अन,-1,-1,Water_Resource_9,If__अन,-1,-1,Water_Resource_8,If__अन,-1,-1,Water_Resource_7,If__अन,-1,-1,Water_resource_5,If__अन,-1,-1,Water_Resource_3,If__अन,-1,-1,Water_Resource_2,If__अन,-1,-1,Water_Resource_1,If__अन,-1,-1;Name_Given "Name_Given" true true false 254 Text 0 0 ,First,#,Water_Resource_6,Name_Given,-1,-1,Water_Resource_4,Name_Given,-1,-1,Water_Resource_9,Name_Given,-1,-1,Water_Resource_8,Name_Given,-1,-1,Water_Resource_7,Name_Given,-1,-1,Water_resource_5,Name_Given,-1,-1,Water_Resource_3,Name_Given,-1,-1,Water_Resource_2,Name_Given,-1,-1,Water_Resource_1,Name_Given,-1,-1;Traditiona "Traditiona" true true false 254 Text 0 0 ,First,#,Water_Resource_6,Traditiona,-1,-1,Water_Resource_4,Traditiona,-1,-1,Water_Resource_9,Traditiona,-1,-1,Water_Resource_8,Traditiona,-1,-1,Water_Resource_7,Traditiona,-1,-1,Water_resource_5,Traditiona,-1,-1,Water_Resource_3,Traditiona,-1,-1,Water_Resource_2,Traditiona,-1,-1,Water_Resource_1,Traditiona,-1,-1;Address_Lo "Address_Lo" true true false 254 Text 0 0 ,First,#,Water_Resource_6,Address_Lo,-1,-1,Water_Resource_4,Address_Lo,-1,-1,Water_Resource_9,Address_Lo,-1,-1,Water_Resource_8,Address_Lo,-1,-1,Water_Resource_7,Address_Lo,-1,-1,Water_resource_5,Address_Lo,-1,-1,Water_Resource_3,Address_Lo,-1,-1,Water_Resource_2,Address_Lo,-1,-1,Water_Resource_1,Address_Lo,-1,-1;वडा "वडा" true true false 4 Long 0 0 ,First,#,Water_Resource_6,वडा,-1,-1,Water_Resource_4,वडा,-1,-1,Water_Resource_9,वडा,-1,-1,Water_Resource_8,वडा,-1,-1,Water_Resource_7,वडा,-1,-1,Water_resource_5,वडा,-1,-1,Water_Resource_3,वडा,-1,-1,Water_Resource_2,वडा,-1,-1,Water_Resource_1,वडा,-1,-1;_Location_ "_Location_" true true false 8 Double 0 0 ,First,#,Water_Resource_6,_Location_,-1,-1,Water_Resource_4,_Location_,-1,-1,Water_Resource_9,_Location_,-1,-1,Water_Resource_8,_Location_,-1,-1,Water_Resource_7,_Location_,-1,-1,Water_resource_5,_Location_,-1,-1,Water_Resource_3,_Location_,-1,-1,Water_Resource_2,_Location_,-1,-1,Water_Resource_1,_Location_,-1,-1;Adjusted_l "Adjusted_l" true true false 8 Double 0 0 ,First,#,Water_Resource_6,Adjusted_l,-1,-1,Water_Resource_4,Adjusted_l,-1,-1,Water_Resource_9,Adjusted_l,-1,-1,Water_Resource_8,Adjusted_l,-1,-1,Water_Resource_7,Adjusted_l,-1,-1,Water_resource_5,Adjusted_l,-1,-1,Water_Resource_3,Adjusted_l,-1,-1,Water_Resource_2,Adjusted_l,-1,-1,Water_Resource_1,Adjusted_l,-1,-1;Adjusted_1 "Adjusted_1" true true false 8 Double 0 0 ,First,#,Water_Resource_6,Adjusted_1,-1,-1,Water_Resource_4,Adjusted_1,-1,-1,Water_Resource_9,Adjusted_1,-1,-1,Water_Resource_8,Adjusted_1,-1,-1,Water_Resource_7,Adjusted_1,-1,-1,Water_resource_5,Adjusted_1,-1,-1,Water_Resource_3,Adjusted_1,-1,-1,Water_Resource_2,Adjusted_1,-1,-1,Water_Resource_1,Adjusted_1,-1,-1;Constructe "Constructe" true true false 254 Text 0 0 ,First,#,Water_Resource_6,Constructe,-1,-1,Water_Resource_4,Constructe,-1,-1,Water_Resource_9,Constructe,-1,-1,Water_Resource_8,Constructe,-1,-1,Water_Resource_7,Constructe,-1,-1,Water_resource_5,Constructe,-1,-1,Water_Resource_3,Constructe,-1,-1,Water_Resource_2,Constructe,-1,-1,Water_Resource_1,Constructe,-1,-1;Add_source "Add_source" true true false 254 Text 0 0 ,First,#,Water_Resource_6,Add_source,-1,-1,Water_Resource_4,Add_source,-1,-1,Water_Resource_9,Add_source,-1,-1,Water_Resource_8,Add_source,-1,-1,Water_Resource_7,Add_source,-1,-1,Water_resource_5,Add_source,-1,-1,Water_Resource_3,Add_source,-1,-1,Water_Resource_2,Add_source,-1,-1,Water_Resource_1,Add_source,-1,-1;Renovation "Renovation" true true false 254 Text 0 0 ,First,#,Water_Resource_6,Renovation,-1,-1,Water_Resource_4,Renovation,-1,-1,Water_Resource_9,Renovation,-1,-1,Water_Resource_8,Renovation,-1,-1,Water_Resource_7,Renovation,-1,-1,Water_resource_5,Renovation,-1,-1,Water_Resource_3,Renovation,-1,-1,Water_Resource_2,Renovation,-1,-1,Water_Resource_1,Renovation,-1,-1;Who_manage "Who_manage" true true false 254 Text 0 0 ,First,#,Water_Resource_6,Who_manage,-1,-1,Water_Resource_4,Who_manage,-1,-1,Water_Resource_9,Who_manage,-1,-1,Water_Resource_8,Who_manage,-1,-1,Water_Resource_7,Who_manage,-1,-1,Water_resource_5,Who_manage,-1,-1,Water_Resource_3,Who_manage,-1,-1,Water_Resource_2,Who_manage,-1,-1,Water_Resource_1,Who_manage,-1,-1;History "History" true true false 254 Text 0 0 ,First,#,Water_Resource_6,History,-1,-1,Water_Resource_4,History,-1,-1,Water_Resource_9,History,-1,-1,Water_Resource_8,History,-1,-1,Water_Resource_7,History,-1,-1,Water_resource_5,History,-1,-1,Water_Resource_3,History,-1,-1,Water_Resource_2,History,-1,-1,Water_Resource_1,History,-1,-1;Ownership "Ownership" true true false 254 Text 0 0 ,First,#,Water_Resource_6,Ownership,-1,-1,Water_Resource_4,Ownership,-1,-1,Water_Resource_9,Ownership,-1,-1,Water_Resource_8,Ownership,-1,-1,Water_Resource_7,Ownership,-1,-1,Water_resource_5,Ownership,-1,-1,Water_Resource_3,Ownership,-1,-1,Water_Resource_2,Ownership,-1,-1,Water_Resource_1,Ownership,-1,-1;Please_spe "Please_spe" true true false 254 Text 0 0 ,First,#,Water_Resource_6,Please_spe,-1,-1,Water_Resource_4,Please_spe,-1,-1,Water_Resource_9,Please_spe,-1,-1,Water_Resource_8,Please_spe,-1,-1,Water_Resource_7,Please_spe,-1,-1,Water_resource_5,Please_spe,-1,-1,Water_Resource_3,Please_spe,-1,-1,Water_Resource_2,Please_spe,-1,-1,Water_Resource_1,Please_spe,-1,-1;Inscriptio "Inscriptio" true true false 254 Text 0 0 ,First,#,Water_Resource_6,Inscriptio,-1,-1,Water_Resource_4,Inscriptio,-1,-1,Water_Resource_9,Inscriptio,-1,-1,Water_Resource_8,Inscriptio,-1,-1,Water_Resource_7,Inscriptio,-1,-1,Water_resource_5,Inscriptio,-1,-1,Water_Resource_3,Inscriptio,-1,-1,Water_Resource_2,Inscriptio,-1,-1,Water_Resource_1,Inscriptio,-1,-1;Religious_ "Religious_" true true false 254 Text 0 0 ,First,#,Water_Resource_6,Religious_,-1,-1,Water_Resource_4,Religious_,-1,-1,Water_Resource_9,Religious_,-1,-1,Water_Resource_8,Religious_,-1,-1,Water_Resource_7,Religious_,-1,-1,Water_resource_5,Religious_,-1,-1,Water_Resource_3,Religious_,-1,-1,Water_Resource_2,Religious_,-1,-1,Water_Resource_1,Religious_,-1,-1;Reduced_le "Reduced_le" true true false 254 Text 0 0 ,First,#,Water_Resource_6,Reduced_le,-1,-1,Water_Resource_4,Reduced_le,-1,-1,Water_Resource_9,Reduced_le,-1,-1,Water_Resource_8,Reduced_le,-1,-1,Water_Resource_7,Reduced_le,-1,-1,Water_resource_5,Reduced_le,-1,-1,Water_Resource_3,Reduced_le,-1,-1,Water_Resource_2,Reduced_le,-1,-1,Water_Resource_1,Reduced_le,-1,-1;Road_level "Road_level" true true false 254 Text 0 0 ,First,#,Water_Resource_6,Road_level,-1,-1,Water_Resource_4,Road_level,-1,-1,Water_Resource_9,Road_level,-1,-1,Water_Resource_8,Road_level,-1,-1,Water_Resource_7,Road_level,-1,-1,Water_resource_5,Road_level,-1,-1,Water_Resource_3,Road_level,-1,-1,Water_Resource_2,Road_level,-1,-1,Water_Resource_1,Road_level,-1,-1;Number_of_ "Number_of_" true true false 4 Long 0 0 ,First,#,Water_Resource_6,Number_of_,-1,-1,Water_Resource_4,Number_of_,-1,-1,Water_Resource_9,Number_of_,-1,-1,Water_Resource_8,Number_of_,-1,-1,Water_Resource_7,Number_of_,-1,-1,Water_resource_5,Number_of_,-1,-1,Water_Resource_3,Number_of_,-1,-1,Water_Resource_2,Number_of_,-1,-1,Water_Resource_1,Number_of_,-1,-1;Average_wa "Average_wa" true true false 4 Long 0 0 ,First,#,Water_Resource_6,Average_wa,-1,-1,Water_Resource_4,Average_wa,-1,-1,Water_Resource_9,Average_wa,-1,-1,Water_Resource_8,Average_wa,-1,-1,Water_Resource_7,Average_wa,-1,-1,Water_resource_5,Average_wa,-1,-1,Water_Resource_3,Average_wa,-1,-1,Water_Resource_2,Average_wa,-1,-1,Water_Resource_1,Average_wa,-1,-1;Capacity "Capacity" true true false 4 Long 0 0 ,First,#,Water_Resource_6,Capacity,-1,-1,Water_Resource_4,Capacity,-1,-1,Water_Resource_9,Capacity,-1,-1,Water_Resource_8,Capacity,-1,-1,Water_Resource_7,Capacity,-1,-1,Water_resource_5,Capacity,-1,-1,Water_Resource_3,Capacity,-1,-1,Water_Resource_2,Capacity,-1,-1,Water_Resource_1,Capacity,-1,-1;Operating_ "Operating_" true true false 254 Text 0 0 ,First,#,Water_Resource_6,Operating_,-1,-1,Water_Resource_4,Operating_,-1,-1,Water_Resource_9,Operating_,-1,-1,Water_Resource_8,Operating_,-1,-1,Water_Resource_7,Operating_,-1,-1,Water_resource_5,Operating_,-1,-1,Water_Resource_3,Operating_,-1,-1,Water_Resource_2,Operating_,-1,-1,Water_Resource_1,Operating_,-1,-1;Reason_for "Reason_for" true true false 254 Text 0 0 ,First,#,Water_Resource_6,Reason_for,-1,-1,Water_Resource_4,Reason_for,-1,-1,Water_Resource_9,Reason_for,-1,-1,Water_Resource_8,Reason_for,-1,-1,Water_Resource_7,Reason_for,-1,-1,Water_resource_5,Reason_for,-1,-1,Water_Resource_3,Reason_for,-1,-1,Water_Resource_2,Reason_for,-1,-1,Water_Resource_1,Reason_for,-1,-1;Number_of1 "Number_of1" true true false 4 Long 0 0 ,First,#,Water_Resource_6,Number_of1,-1,-1,Water_Resource_4,Number_of1,-1,-1,Water_Resource_9,Number_of1,-1,-1,Water_Resource_8,Number_of1,-1,-1,Water_Resource_7,Number_of1,-1,-1,Water_resource_5,Number_of1,-1,-1,Water_Resource_3,Number_of1,-1,-1,Water_Resource_2,Number_of1,-1,-1,Water_Resource_1,Number_of1,-1,-1;Name_of_ "Name_of_" true true false 254 Text 0 0 ,First,#,Water_Resource_6,Name_of_,-1,-1,Water_Resource_4,Name_of_,-1,-1,Water_Resource_9,Name_of_,-1,-1,Water_Resource_8,Name_of_,-1,-1,Water_Resource_7,Name_of_,-1,-1,Water_resource_5,Name_of_,-1,-1,Water_Resource_3,Name_of_,-1,-1,Water_Resource_2,Name_of_,-1,-1,Water_Resource_1,Name_of_,-1,-1;Purpose_of "Purpose_of" true true false 254 Text 0 0 ,First,#,Water_Resource_6,Purpose_of,-1,-1,Water_Resource_4,Purpose_of,-1,-1,Water_Resource_9,Purpose_of,-1,-1,Water_Resource_8,Purpose_of,-1,-1,Water_Resource_7,Purpose_of,-1,-1,Water_resource_5,Purpose_of,-1,-1,Water_Resource_3,Purpose_of,-1,-1,Water_Resource_2,Purpose_of,-1,-1,Water_Resource_1,Purpose_of,-1,-1;Physical_S "Physical_S" true true false 254 Text 0 0 ,First,#,Water_Resource_6,Physical_S,-1,-1,Water_Resource_4,Physical_S,-1,-1,Water_Resource_9,Physical_S,-1,-1,Water_Resource_8,Physical_S,-1,-1,Water_Resource_7,Physical_S,-1,-1,Water_resource_5,Physical_S,-1,-1,Water_Resource_3,Physical_S,-1,-1,Water_Resource_2,Physical_S,-1,-1,Water_Resource_1,Physical_S,-1,-1;Railing_ "Railing_" true true false 254 Text 0 0 ,First,#,Water_Resource_6,Railing_,-1,-1,Water_Resource_4,Railing_,-1,-1,Water_Resource_9,Railing_,-1,-1,Water_Resource_8,Railing_,-1,-1,Water_Resource_7,Railing_,-1,-1,Water_resource_5,Railing_,-1,-1,Water_Resource_3,Railing_,-1,-1,Water_Resource_2,Railing_,-1,-1,Water_Resource_1,Railing_,-1,-1;If_छ__Wh "If_छ__Wh" true true false 254 Text 0 0 ,First,#,Water_Resource_6,If_छ__Wh,-1,-1,Water_Resource_4,If_छ__Wh,-1,-1,Water_Resource_9,If_छ__Wh,-1,-1,Water_Resource_8,If_छ__Wh,-1,-1,Water_Resource_7,If_छ__Wh,-1,-1,Water_resource_5,If_छ__Wh,-1,-1,Water_Resource_3,If_छ__Wh,-1,-1,Water_Resource_2,If_छ__Wh,-1,-1,Water_Resource_1,If_छ__Wh,-1,-1;Pavement "Pavement" true true false 254 Text 0 0 ,First,#,Water_Resource_6,Pavement,-1,-1,Water_Resource_4,Pavement,-1,-1,Water_Resource_9,Pavement,-1,-1,Water_Resource_8,Pavement,-1,-1,Water_Resource_7,Pavement,-1,-1,Water_resource_5,Pavement,-1,-1,Water_Resource_3,Pavement,-1,-1,Water_Resource_2,Pavement,-1,-1,Water_Resource_1,Pavement,-1,-1;Decoration "Decoration" true true false 254 Text 0 0 ,First,#,Water_Resource_6,Decoration,-1,-1,Water_Resource_4,Decoration,-1,-1,Water_Resource_9,Decoration,-1,-1,Water_Resource_8,Decoration,-1,-1,Water_Resource_7,Decoration,-1,-1,Water_resource_5,Decoration,-1,-1,Water_Resource_3,Decoration,-1,-1,Water_Resource_2,Decoration,-1,-1,Water_Resource_1,Decoration,-1,-1;Source_of_ "Source_of_" true true false 254 Text 0 0 ,First,#,Water_Resource_6,Source_of_,-1,-1,Water_Resource_4,Source_of_,-1,-1,Water_Resource_9,Source_of_,-1,-1,Water_Resource_8,Source_of_,-1,-1,Water_Resource_7,Source_of_,-1,-1,Water_resource_5,Source_of_,-1,-1,Water_Resource_3,Source_of_,-1,-1,Water_Resource_2,Source_of_,-1,-1,Water_Resource_1,Source_of_,-1,-1;Availabili "Availabili" true true false 254 Text 0 0 ,First,#,Water_Resource_6,Availabili,-1,-1,Water_Resource_4,Availabili,-1,-1,Water_Resource_9,Availabili,-1,-1,Water_Resource_8,Availabili,-1,-1,Water_Resource_7,Availabili,-1,-1,Water_resource_5,Availabili,-1,-1,Water_Resource_3,Availabili,-1,-1,Water_Resource_2,Availabili,-1,-1,Water_Resource_1,Availabili,-1,-1;Is_the_dra "Is_the_dra" true true false 254 Text 0 0 ,First,#,Water_Resource_6,Is_the_dra,-1,-1,Water_Resource_4,Is_the_dra,-1,-1,Water_Resource_9,Is_the_dra,-1,-1,Water_Resource_8,Is_the_dra,-1,-1,Water_Resource_7,Is_the_dra,-1,-1,Water_resource_5,Is_the_dra,-1,-1,Water_Resource_3,Is_the_dra,-1,-1,Water_Resource_2,Is_the_dra,-1,-1,Water_Resource_1,Is_the_dra,-1,-1;Any_water_ "Any_water_" true true false 254 Text 0 0 ,First,#,Water_Resource_6,Any_water_,-1,-1,Water_Resource_4,Any_water_,-1,-1,Water_Resource_9,Any_water_,-1,-1,Water_Resource_8,Any_water_,-1,-1,Water_Resource_7,Any_water_,-1,-1,Water_resource_5,Any_water_,-1,-1,Water_Resource_3,Any_water_,-1,-1,Water_Resource_2,Any_water_,-1,-1,Water_Resource_1,Any_water_,-1,-1;Any_provis "Any_provis" true true false 254 Text 0 0 ,First,#,Water_Resource_6,Any_provis,-1,-1,Water_Resource_4,Any_provis,-1,-1,Water_Resource_9,Any_provis,-1,-1,Water_Resource_8,Any_provis,-1,-1,Water_Resource_7,Any_provis,-1,-1,Water_resource_5,Any_provis,-1,-1,Water_Resource_3,Any_provis,-1,-1,Water_Resource_2,Any_provis,-1,-1,Water_Resource_1,Any_provis,-1,-1;Where_is_t "Where_is_t" true true false 254 Text 0 0 ,First,#,Water_Resource_6,Where_is_t,-1,-1,Water_Resource_4,Where_is_t,-1,-1,Water_Resource_9,Where_is_t,-1,-1,Water_Resource_8,Where_is_t,-1,-1,Water_Resource_7,Where_is_t,-1,-1,Water_resource_5,Where_is_t,-1,-1,Water_Resource_3,Where_is_t,-1,-1,Water_Resource_2,Where_is_t,-1,-1,Water_Resource_1,Where_is_t,-1,-1;Residents_ "Residents_" true true false 254 Text 0 0 ,First,#,Water_Resource_6,Residents_,-1,-1,Water_Resource_4,Residents_,-1,-1,Water_Resource_9,Residents_,-1,-1,Water_Resource_8,Residents_,-1,-1,Water_Resource_7,Residents_,-1,-1,Water_resource_5,Residents_,-1,-1,Water_Resource_3,Residents_,-1,-1,Water_Resource_2,Residents_,-1,-1,Water_Resource_1,Residents_,-1,-1;Indigeछ "Indigeछ" true true false 254 Text 0 0 ,First,#,Water_Resource_6,Indigeछ,-1,-1,Water_Resource_4,Indigeछ,-1,-1,Water_Resource_9,Indigeछ,-1,-1,Water_Resource_8,Indigeछ,-1,-1,Water_Resource_7,Indigeछ,-1,-1,Water_resource_5,Indigeछ,-1,-1,Water_Resource_3,Indigeछ,-1,-1,Water_Resource_2,Indigeछ,-1,-1,Water_Resource_1,Indigeछ,-1,-1;Availabi_1 "Availabi_1" true true false 254 Text 0 0 ,First,#,Water_Resource_6,Availabi_1,-1,-1,Water_Resource_4,Availabi_1,-1,-1,Water_Resource_9,Availabi_1,-1,-1,Water_Resource_8,Availabi_1,-1,-1,Water_Resource_7,Availabi_1,-1,-1,Water_resource_5,Availabi_1,-1,-1,Water_Resource_3,Availabi_1,-1,-1,Water_Resource_2,Availabi_1,-1,-1,Water_Resource_1,Availabi_1,-1,-1;Any_other_ "Any_other_" true true false 254 Text 0 0 ,First,#,Water_Resource_6,Any_other_,-1,-1,Water_Resource_4,Any_other_,-1,-1,Water_Resource_9,Any_other_,-1,-1,Water_Resource_8,Any_other_,-1,-1,Water_Resource_7,Any_other_,-1,-1,Water_resource_5,Any_other_,-1,-1,Water_Resource_3,Any_other_,-1,-1,Water_Resource_2,Any_other_,-1,-1,Water_Resource_1,Any_other_,-1,-1;If_छ__Pl "If_छ__Pl" true true false 254 Text 0 0 ,First,#,Water_Resource_6,If_छ__Pl,-1,-1,Water_Resource_4,If_छ__Pl,-1,-1,Water_Resource_9,If_छ__Pl,-1,-1,Water_Resource_8,If_छ__Pl,-1,-1,Water_Resource_7,If_छ__Pl,-1,-1,Water_resource_5,If_छ__Pl,-1,-1,Water_Resource_3,If_छ__Pl,-1,-1,Water_Resource_2,If_छ__Pl,-1,-1,Water_Resource_1,If_छ__Pl,-1,-1;Any_rules_ "Any_rules_" true true false 254 Text 0 0 ,First,#,Water_Resource_6,Any_rules_,-1,-1,Water_Resource_4,Any_rules_,-1,-1,Water_Resource_9,Any_rules_,-1,-1,Water_Resource_8,Any_rules_,-1,-1,Water_Resource_7,Any_rules_,-1,-1,Water_resource_5,Any_rules_,-1,-1,Water_Resource_3,Any_rules_,-1,-1,Water_Resource_2,Any_rules_,-1,-1,Water_Resource_1,Any_rules_,-1,-1;If_छ___1 "If_छ___1" true true false 254 Text 0 0 ,First,#,Water_Resource_6,If_छ___1,-1,-1,Water_Resource_4,If_छ___1,-1,-1,Water_Resource_9,If_छ___1,-1,-1,Water_Resource_8,If_छ___1,-1,-1,Water_Resource_7,If_छ___1,-1,-1,Water_resource_5,If_छ___1,-1,-1,Water_Resource_3,If_छ___1,-1,-1,Water_Resource_2,If_छ___1,-1,-1,Water_Resource_1,If_छ___1,-1,-1;Nearest_la "Nearest_la" true true false 254 Text 0 0 ,First,#,Water_Resource_6,Nearest_la,-1,-1,Water_Resource_4,Nearest_la,-1,-1,Water_Resource_9,Nearest_la,-1,-1,Water_Resource_8,Nearest_la,-1,-1,Water_Resource_7,Nearest_la,-1,-1,Water_resource_5,Nearest_la,-1,-1,Water_Resource_3,Nearest_la,-1,-1,Water_Resource_2,Nearest_la,-1,-1,Water_Resource_1,Nearest_la,-1,-1;Name_र_1 "Name_र_1" true true false 254 Text 0 0 ,First,#,Water_Resource_6,Name_र_1,-1,-1,Water_Resource_4,Name_र_1,-1,-1,Water_Resource_9,Name_र_1,-1,-1,Water_Resource_8,Name_र_1,-1,-1,Water_Resource_7,Name_र_1,-1,-1,Water_resource_5,Name_र_1,-1,-1,Water_Resource_3,Name_र_1,-1,-1,Water_Resource_2,Name_र_1,-1,-1,Water_Resource_1,Name_र_1,-1,-1;_id "_id" true true false 4 Long 0 0 ,First,#,Water_Resource_6,_id,-1,-1,Water_Resource_4,_id,-1,-1,Water_Resource_9,_id,-1,-1,Water_Resource_8,_id,-1,-1,Water_Resource_7,_id,-1,-1,Water_resource_5,_id,-1,-1,Water_Resource_3,_id,-1,-1,Water_Resource_2,_id,-1,-1,Water_Resource_1,_id,-1,-1;_uuid "_uuid" true true false 254 Text 0 0 ,First,#,Water_Resource_6,_uuid,-1,-1,Water_Resource_4,_uuid,-1,-1,Water_Resource_9,_uuid,-1,-1,Water_Resource_8,_uuid,-1,-1,Water_Resource_7,_uuid,-1,-1,Water_resource_5,_uuid,-1,-1,Water_Resource_3,_uuid,-1,-1,Water_Resource_2,_uuid,-1,-1,Water_Resource_1,_uuid,-1,-1;Ward_new "Ward_new" true true false 4 Long 0 0 ,First,#,Water_Resource_6,Ward_new,-1,-1,Water_Resource_4,Ward_new,-1,-1,Water_Resource_9,Ward_new,-1,-1,Water_Resource_8,Ward_new,-1,-1,Water_Resource_7,Ward_new,-1,-1,Water_resource_5,Ward_new,-1,-1,Water_Resource_3,Ward_new,-1,-1,Water_Resource_2,Ward_new,-1,-1,Water_Resource_1,Ward_new,-1,-1"</Process></lineage><itemProps><itemLocation><linkage Sync="TRUE">file://\\DESKTOP-ERQREA8\Users\user\Documents\ArcGIS\Default.gdb</linkage><protocol Sync="TRUE">Local Area Network</protocol></itemLocation><itemName Sync="TRUE">Water_Resource_Merge2</itemName><imsContentType Sync="TRUE">002</imsContentType></itemProps><coordRef><type Sync="TRUE">Projected</type><geogcsn Sync="TRUE">GCS_WGS_1984</geogcsn><csUnits Sync="TRUE">Linear Unit: Meter (1.000000)</csUnits><projcsn Sync="TRUE">WGS_1984_UTM_Zone_45N</projcsn><peXml Sync="TRUE">&lt;ProjectedCoordinateSystem xsi:type='typens:ProjectedCoordinateSystem' xmlns:xsi='http://www.w3.org/2001/XMLSchema-instance' xmlns:xs='http://www.w3.org/2001/XMLSchema' xmlns:typens='http://www.esri.com/schemas/ArcGIS/10.5'&gt;&lt;WKT&gt;PROJCS[&amp;quot;WGS_1984_UTM_Zone_45N&amp;quot;,GEOGCS[&amp;quot;GCS_WGS_1984&amp;quot;,DATUM[&amp;quot;D_WGS_1984&amp;quot;,SPHEROID[&amp;quot;WGS_1984&amp;quot;,6378137.0,298.257223563]],PRIMEM[&amp;quot;Greenwich&amp;quot;,0.0],UNIT[&amp;quot;Degree&amp;quot;,0.0174532925199433]],PROJECTION[&amp;quot;Transverse_Mercator&amp;quot;],PARAMETER[&amp;quot;False_Easting&amp;quot;,500000.0],PARAMETER[&amp;quot;False_Northing&amp;quot;,0.0],PARAMETER[&amp;quot;Central_Meridian&amp;quot;,87.0],PARAMETER[&amp;quot;Scale_Factor&amp;quot;,0.9996],PARAMETER[&amp;quot;Latitude_Of_Origin&amp;quot;,0.0],UNIT[&amp;quot;Meter&amp;quot;,1.0],AUTHORITY[&amp;quot;EPSG&amp;quot;,32645]]&lt;/WKT&gt;&lt;XOrigin&gt;-5120900&lt;/XOrigin&gt;&lt;YOrigin&gt;-9998100&lt;/YOrigin&gt;&lt;XYScale&gt;10000&lt;/XYScale&gt;&lt;ZOrigin&gt;-100000&lt;/ZOrigin&gt;&lt;ZScale&gt;10000&lt;/ZScale&gt;&lt;MOrigin&gt;-100000&lt;/MOrigin&gt;&lt;MScale&gt;10000&lt;/MScale&gt;&lt;XYTolerance&gt;0.001&lt;/XYTolerance&gt;&lt;ZTolerance&gt;0.001&lt;/ZTolerance&gt;&lt;MTolerance&gt;0.001&lt;/MTolerance&gt;&lt;HighPrecision&gt;true&lt;/HighPrecision&gt;&lt;WKID&gt;32645&lt;/WKID&gt;&lt;LatestWKID&gt;32645&lt;/LatestWKID&gt;&lt;/ProjectedCoordinateSystem&gt;</peXml></coordRef></DataProperties><SyncDate>20220310</SyncDate><SyncTime>09320200</SyncTime><ModDate>20220310</ModDate><ModTime>09320200</ModTime></Esri><dataIdInfo><envirDesc Sync="TRUE"> Version 6.2 (Build 9200) ; Esri ArcGIS 10.5.0.6491</envirDesc><dataLang><languageCode value="eng" Sync="TRUE"></languageCode><countryCode value="USA" Sync="TRUE"></countryCode></dataLang><idCitation><resTitle Sync="TRUE">Water_Resource_Merge2</resTitle><presForm><PresFormCd value="005" Sync="TRUE"></PresFormCd></presForm></idCitation><spatRpType><SpatRepTypCd value="001" Sync="TRUE"></SpatRepTypCd></spatRpType></dataIdInfo><mdLang><languageCode value="eng" Sync="TRUE"></languageCode><countryCode value="USA" Sync="TRUE"></countryCode></mdLang><distInfo><distFormat><formatName Sync="TRUE">File Geodatabase Feature Class</formatName></distFormat></distInfo><mdHrLv><ScopeCd value="005" Sync="TRUE"></ScopeCd></mdHrLv><mdHrLvName Sync="TRUE">dataset</mdHrLvName><refSysInfo><RefSystem><refSysID><identCode code="32645" Sync="TRUE"></identCode><idCodeSpace Sync="TRUE">EPSG</idCodeSpace><idVersion Sync="TRUE">2.1(3.0.1)</idVersion></refSysID></RefSystem></refSysInfo><spatRepInfo><VectSpatRep><geometObjs Name="Water_Resource_Merge2"><geoObjTyp><GeoObjTypCd value="004" Sync="TRUE"></GeoObjTypCd></geoObjTyp><geoObjCnt Sync="TRUE">0</geoObjCnt></geometObjs><topLvl><TopoLevCd value="001" Sync="TRUE"></TopoLevCd></topLvl></VectSpatRep></spatRepInfo><spdoinfo><ptvctinf><esriterm Name="Water_Resource_Merge2"><efeatyp Sync="TRUE">Simple</efeatyp><efeageom code="1" Sync="TRUE"></efeageom><esritopo Sync="TRUE">FALSE</esritopo><efeacnt Sync="TRUE">0</efeacnt><spindex Sync="TRUE">TRUE</spindex><linrefer Sync="TRUE">FALSE</linrefer></esriterm></ptvctinf></spdoinfo><eainfo><detailed Name="Water_Resource_Merge2"><enttyp><enttypl Sync="TRUE">Water_Resource_Merge2</enttypl><enttypt Sync="TRUE">Feature Class</enttypt><enttypc Sync="TRUE">0</enttypc></enttyp><attr><attrlabl Sync="TRUE">OBJECTID</attrlabl><attalias Sync="TRUE">OBJECTID</attalias><attrtype Sync="TRUE">OID</attrtype><attwidth Sync="TRUE">4</attwidth><atprecis Sync="TRUE">0</atprecis><attscale Sync="TRUE">0</attscale><attrdef Sync="TRUE">Internal feature number.</attrdef><attrdefs Sync="TRUE">Esri</attrdefs><attrdomv><udom Sync="TRUE">Sequential unique whole numbers that are automatically generated.</udom></attrdomv></attr><attr><attrlabl Sync="TRUE">Shape</attrlabl><attalias Sync="TRUE">Shape</attalias><attrtype Sync="TRUE">Geometry</attrtype><attwidth Sync="TRUE">0</attwidth><atprecis Sync="TRUE">0</atprecis><attscale Sync="TRUE">0</attscale><attrdef Sync="TRUE">Feature geometry.</attrdef><attrdefs Sync="TRUE">Esri</attrdefs><attrdomv><udom Sync="TRUE">Coordinates defining the features.</udom></attrdomv></attr><attr><attrlabl Sync="TRUE">Field1</attrlabl><attalias Sync="TRUE">Field1</attalias><attrtype Sync="TRUE">Integer</attrtype><attwidth Sync="TRUE">4</attwidth><atprecis Sync="TRUE">0</atprecis><attscale Sync="TRUE">0</attscale></attr><attr><attrlabl Sync="TRUE">SN</attrlabl><attalias Sync="TRUE">SN</attalias><attrtype Sync="TRUE">Integer</attrtype><attwidth Sync="TRUE">4</attwidth><atprecis Sync="TRUE">0</atprecis><attscale Sync="TRUE">0</attscale></attr><attr><attrlabl Sync="TRUE">Name_र_c</attrlabl><attalias Sync="TRUE">Name_र_c</attalias><attrtype Sync="TRUE">String</attrtype><attwidth Sync="TRUE">254</attwidth><atprecis Sync="TRUE">0</atprecis><attscale Sync="TRUE">0</attscale></attr><attr><attrlabl Sync="TRUE">Types_of_w</attrlabl><attalias Sync="TRUE">Types_of_w</attalias><attrtype Sync="TRUE">String</attrtype><attwidth Sync="TRUE">254</attwidth><atprecis Sync="TRUE">0</atprecis><attscale Sync="TRUE">0</attscale></attr><attr><attrlabl Sync="TRUE">If__अन</attrlabl><attalias Sync="TRUE">If__अन</attalias><attrtype Sync="TRUE">String</attrtype><attwidth Sync="TRUE">254</attwidth><atprecis Sync="TRUE">0</atprecis><attscale Sync="TRUE">0</attscale></attr><attr><attrlabl Sync="TRUE">Name_Given</attrlabl><attalias Sync="TRUE">Name_Given</attalias><attrtype Sync="TRUE">String</attrtype><attwidth Sync="TRUE">254</attwidth><atprecis Sync="TRUE">0</atprecis><attscale Sync="TRUE">0</attscale></attr><attr><attrlabl Sync="TRUE">Traditiona</attrlabl><attalias Sync="TRUE">Traditiona</attalias><attrtype Sync="TRUE">String</attrtype><attwidth Sync="TRUE">254</attwidth><atprecis Sync="TRUE">0</atprecis><attscale Sync="TRUE">0</attscale></attr><attr><attrlabl Sync="TRUE">Address_Lo</attrlabl><attalias Sync="TRUE">Address_Lo</attalias><attrtype Sync="TRUE">String</attrtype><attwidth Sync="TRUE">254</attwidth><atprecis Sync="TRUE">0</atprecis><attscale Sync="TRUE">0</attscale></attr><attr><attrlabl Sync="TRUE">वडा</attrlabl><attalias Sync="TRUE">वडा</attalias><attrtype Sync="TRUE">Integer</attrtype><attwidth Sync="TRUE">4</attwidth><atprecis Sync="TRUE">0</atprecis><attscale Sync="TRUE">0</attscale></attr><attr><attrlabl Sync="TRUE">_Location_</attrlabl><attalias Sync="TRUE">_Location_</attalias><attrtype Sync="TRUE">Double</attrtype><attwidth Sync="TRUE">8</attwidth><atprecis Sync="TRUE">0</atprecis><attscale Sync="TRUE">0</attscale></attr><attr><attrlabl Sync="TRUE">Adjusted_l</attrlabl><attalias Sync="TRUE">Adjusted_l</attalias><attrtype Sync="TRUE">Double</attrtype><attwidth Sync="TRUE">8</attwidth><atprecis Sync="TRUE">0</atprecis><attscale Sync="TRUE">0</attscale></attr><attr><attrlabl Sync="TRUE">Adjusted_1</attrlabl><attalias Sync="TRUE">Adjusted_1</attalias><attrtype Sync="TRUE">Double</attrtype><attwidth Sync="TRUE">8</attwidth><atprecis Sync="TRUE">0</atprecis><attscale Sync="TRUE">0</attscale></attr><attr><attrlabl Sync="TRUE">Constructe</attrlabl><attalias Sync="TRUE">Constructe</attalias><attrtype Sync="TRUE">String</attrtype><attwidth Sync="TRUE">254</attwidth><atprecis Sync="TRUE">0</atprecis><attscale Sync="TRUE">0</attscale></attr><attr><attrlabl Sync="TRUE">Add_source</attrlabl><attalias Sync="TRUE">Add_source</attalias><attrtype Sync="TRUE">String</attrtype><attwidth Sync="TRUE">254</attwidth><atprecis Sync="TRUE">0</atprecis><attscale Sync="TRUE">0</attscale></attr><attr><attrlabl Sync="TRUE">Renovation</attrlabl><attalias Sync="TRUE">Renovation</attalias><attrtype Sync="TRUE">String</attrtype><attwidth Sync="TRUE">254</attwidth><atprecis Sync="TRUE">0</atprecis><attscale Sync="TRUE">0</attscale></attr><attr><attrlabl Sync="TRUE">Who_manage</attrlabl><attalias Sync="TRUE">Who_manage</attalias><attrtype Sync="TRUE">String</attrtype><attwidth Sync="TRUE">254</attwidth><atprecis Sync="TRUE">0</atprecis><attscale Sync="TRUE">0</attscale></attr><attr><attrlabl Sync="TRUE">History</attrlabl><attalias Sync="TRUE">History</attalias><attrtype Sync="TRUE">String</attrtype><attwidth Sync="TRUE">254</attwidth><atprecis Sync="TRUE">0</atprecis><attscale Sync="TRUE">0</attscale></attr><attr><attrlabl Sync="TRUE">Ownership</attrlabl><attalias Sync="TRUE">Ownership</attalias><attrtype Sync="TRUE">String</attrtype><attwidth Sync="TRUE">254</attwidth><atprecis Sync="TRUE">0</atprecis><attscale Sync="TRUE">0</attscale></attr><attr><attrlabl Sync="TRUE">Please_spe</attrlabl><attalias Sync="TRUE">Please_spe</attalias><attrtype Sync="TRUE">String</attrtype><attwidth Sync="TRUE">254</attwidth><atprecis Sync="TRUE">0</atprecis><attscale Sync="TRUE">0</attscale></attr><attr><attrlabl Sync="TRUE">Inscriptio</attrlabl><attalias Sync="TRUE">Inscriptio</attalias><attrtype Sync="TRUE">String</attrtype><attwidth Sync="TRUE">254</attwidth><atprecis Sync="TRUE">0</atprecis><attscale Sync="TRUE">0</attscale></attr><attr><attrlabl Sync="TRUE">Religious_</attrlabl><attalias Sync="TRUE">Religious_</attalias><attrtype Sync="TRUE">String</attrtype><attwidth Sync="TRUE">254</attwidth><atprecis Sync="TRUE">0</atprecis><attscale Sync="TRUE">0</attscale></attr><attr><attrlabl Sync="TRUE">Reduced_le</attrlabl><attalias Sync="TRUE">Reduced_le</attalias><attrtype Sync="TRUE">String</attrtype><attwidth Sync="TRUE">254</attwidth><atprecis Sync="TRUE">0</atprecis><attscale Sync="TRUE">0</attscale></attr><attr><attrlabl Sync="TRUE">Road_level</attrlabl><attalias Sync="TRUE">Road_level</attalias><attrtype Sync="TRUE">String</attrtype><attwidth Sync="TRUE">254</attwidth><atprecis Sync="TRUE">0</atprecis><attscale Sync="TRUE">0</attscale></attr><attr><attrlabl Sync="TRUE">Number_of_</attrlabl><attalias Sync="TRUE">Number_of_</attalias><attrtype Sync="TRUE">Integer</attrtype><attwidth Sync="TRUE">4</attwidth><atprecis Sync="TRUE">0</atprecis><attscale Sync="TRUE">0</attscale></attr><attr><attrlabl Sync="TRUE">Average_wa</attrlabl><attalias Sync="TRUE">Average_wa</attalias><attrtype Sync="TRUE">Integer</attrtype><attwidth Sync="TRUE">4</attwidth><atprecis Sync="TRUE">0</atprecis><attscale Sync="TRUE">0</attscale></attr><attr><attrlabl Sync="TRUE">Capacity</attrlabl><attalias Sync="TRUE">Capacity</attalias><attrtype Sync="TRUE">Integer</attrtype><attwidth Sync="TRUE">4</attwidth><atprecis Sync="TRUE">0</atprecis><attscale Sync="TRUE">0</attscale></attr><attr><attrlabl Sync="TRUE">Operating_</attrlabl><attalias Sync="TRUE">Operating_</attalias><attrtype Sync="TRUE">String</attrtype><attwidth Sync="TRUE">254</attwidth><atprecis Sync="TRUE">0</atprecis><attscale Sync="TRUE">0</attscale></attr><attr><attrlabl Sync="TRUE">Reason_for</attrlabl><attalias Sync="TRUE">Reason_for</attalias><attrtype Sync="TRUE">String</attrtype><attwidth Sync="TRUE">254</attwidth><atprecis Sync="TRUE">0</atprecis><attscale Sync="TRUE">0</attscale></attr><attr><attrlabl Sync="TRUE">Number_of1</attrlabl><attalias Sync="TRUE">Number_of1</attalias><attrtype Sync="TRUE">Integer</attrtype><attwidth Sync="TRUE">4</attwidth><atprecis Sync="TRUE">0</atprecis><attscale Sync="TRUE">0</attscale></attr><attr><attrlabl Sync="TRUE">Name_of_</attrlabl><attalias Sync="TRUE">Name_of_</attalias><attrtype Sync="TRUE">String</attrtype><attwidth Sync="TRUE">254</attwidth><atprecis Sync="TRUE">0</atprecis><attscale Sync="TRUE">0</attscale></attr><attr><attrlabl Sync="TRUE">Purpose_of</attrlabl><attalias Sync="TRUE">Purpose_of</attalias><attrtype Sync="TRUE">String</attrtype><attwidth Sync="TRUE">254</attwidth><atprecis Sync="TRUE">0</atprecis><attscale Sync="TRUE">0</attscale></attr><attr><attrlabl Sync="TRUE">Physical_S</attrlabl><attalias Sync="TRUE">Physical_S</attalias><attrtype Sync="TRUE">String</attrtype><attwidth Sync="TRUE">254</attwidth><atprecis Sync="TRUE">0</atprecis><attscale Sync="TRUE">0</attscale></attr><attr><attrlabl Sync="TRUE">Railing_</attrlabl><attalias Sync="TRUE">Railing_</attalias><attrtype Sync="TRUE">String</attrtype><attwidth Sync="TRUE">254</attwidth><atprecis Sync="TRUE">0</atprecis><attscale Sync="TRUE">0</attscale></attr><attr><attrlabl Sync="TRUE">If_छ__Wh</attrlabl><attalias Sync="TRUE">If_छ__Wh</attalias><attrtype Sync="TRUE">String</attrtype><attwidth Sync="TRUE">254</attwidth><atprecis Sync="TRUE">0</atprecis><attscale Sync="TRUE">0</attscale></attr><attr><attrlabl Sync="TRUE">Pavement</attrlabl><attalias Sync="TRUE">Pavement</attalias><attrtype Sync="TRUE">String</attrtype><attwidth Sync="TRUE">254</attwidth><atprecis Sync="TRUE">0</atprecis><attscale Sync="TRUE">0</attscale></attr><attr><attrlabl Sync="TRUE">Decoration</attrlabl><attalias Sync="TRUE">Decoration</attalias><attrtype Sync="TRUE">String</attrtype><attwidth Sync="TRUE">254</attwidth><atprecis Sync="TRUE">0</atprecis><attscale Sync="TRUE">0</attscale></attr><attr><attrlabl Sync="TRUE">Source_of_</attrlabl><attalias Sync="TRUE">Source_of_</attalias><attrtype Sync="TRUE">String</attrtype><attwidth Sync="TRUE">254</attwidth><atprecis Sync="TRUE">0</atprecis><attscale Sync="TRUE">0</attscale></attr><attr><attrlabl Sync="TRUE">Availabili</attrlabl><attalias Sync="TRUE">Availabili</attalias><attrtype Sync="TRUE">String</attrtype><attwidth Sync="TRUE">254</attwidth><atprecis Sync="TRUE">0</atprecis><attscale Sync="TRUE">0</attscale></attr><attr><attrlabl Sync="TRUE">Is_the_dra</attrlabl><attalias Sync="TRUE">Is_the_dra</attalias><attrtype Sync="TRUE">String</attrtype><attwidth Sync="TRUE">254</attwidth><atprecis Sync="TRUE">0</atprecis><attscale Sync="TRUE">0</attscale></attr><attr><attrlabl Sync="TRUE">Any_water_</attrlabl><attalias Sync="TRUE">Any_water_</attalias><attrtype Sync="TRUE">String</attrtype><attwidth Sync="TRUE">254</attwidth><atprecis Sync="TRUE">0</atprecis><attscale Sync="TRUE">0</attscale></attr><attr><attrlabl Sync="TRUE">Any_provis</attrlabl><attalias Sync="TRUE">Any_provis</attalias><attrtype Sync="TRUE">String</attrtype><attwidth Sync="TRUE">254</attwidth><atprecis Sync="TRUE">0</atprecis><attscale Sync="TRUE">0</attscale></attr><attr><attrlabl Sync="TRUE">Where_is_t</attrlabl><attalias Sync="TRUE">Where_is_t</attalias><attrtype Sync="TRUE">String</attrtype><attwidth Sync="TRUE">254</attwidth><atprecis Sync="TRUE">0</atprecis><attscale Sync="TRUE">0</attscale></attr><attr><attrlabl Sync="TRUE">Residents_</attrlabl><attalias Sync="TRUE">Residents_</attalias><attrtype Sync="TRUE">String</attrtype><attwidth Sync="TRUE">254</attwidth><atprecis Sync="TRUE">0</atprecis><attscale Sync="TRUE">0</attscale></attr><attr><attrlabl Sync="TRUE">Indigeछ</attrlabl><attalias Sync="TRUE">Indigeछ</attalias><attrtype Sync="TRUE">String</attrtype><attwidth Sync="TRUE">254</attwidth><atprecis Sync="TRUE">0</atprecis><attscale Sync="TRUE">0</attscale></attr><attr><attrlabl Sync="TRUE">Availabi_1</attrlabl><attalias Sync="TRUE">Availabi_1</attalias><attrtype Sync="TRUE">String</attrtype><attwidth Sync="TRUE">254</attwidth><atprecis Sync="TRUE">0</atprecis><attscale Sync="TRUE">0</attscale></attr><attr><attrlabl Sync="TRUE">Any_other_</attrlabl><attalias Sync="TRUE">Any_other_</attalias><attrtype Sync="TRUE">String</attrtype><attwidth Sync="TRUE">254</attwidth><atprecis Sync="TRUE">0</atprecis><attscale Sync="TRUE">0</attscale></attr><attr><attrlabl Sync="TRUE">If_छ__Pl</attrlabl><attalias Sync="TRUE">If_छ__Pl</attalias><attrtype Sync="TRUE">String</attrtype><attwidth Sync="TRUE">254</attwidth><atprecis Sync="TRUE">0</atprecis><attscale Sync="TRUE">0</attscale></attr><attr><attrlabl Sync="TRUE">Any_rules_</attrlabl><attalias Sync="TRUE">Any_rules_</attalias><attrtype Sync="TRUE">String</attrtype><attwidth Sync="TRUE">254</attwidth><atprecis Sync="TRUE">0</atprecis><attscale Sync="TRUE">0</attscale></attr><attr><attrlabl Sync="TRUE">If_छ___1</attrlabl><attalias Sync="TRUE">If_छ___1</attalias><attrtype Sync="TRUE">String</attrtype><attwidth Sync="TRUE">254</attwidth><atprecis Sync="TRUE">0</atprecis><attscale Sync="TRUE">0</attscale></attr><attr><attrlabl Sync="TRUE">Nearest_la</attrlabl><attalias Sync="TRUE">Nearest_la</attalias><attrtype Sync="TRUE">String</attrtype><attwidth Sync="TRUE">254</attwidth><atprecis Sync="TRUE">0</atprecis><attscale Sync="TRUE">0</attscale></attr><attr><attrlabl Sync="TRUE">Name_र_1</attrlabl><attalias Sync="TRUE">Name_र_1</attalias><attrtype Sync="TRUE">String</attrtype><attwidth Sync="TRUE">254</attwidth><atprecis Sync="TRUE">0</atprecis><attscale Sync="TRUE">0</attscale></attr><attr><attrlabl Sync="TRUE">_id</attrlabl><attalias Sync="TRUE">_id</attalias><attrtype Sync="TRUE">Integer</attrtype><attwidth Sync="TRUE">4</attwidth><atprecis Sync="TRUE">0</atprecis><attscale Sync="TRUE">0</attscale></attr><attr><attrlabl Sync="TRUE">_uuid</attrlabl><attalias Sync="TRUE">_uuid</attalias><attrtype Sync="TRUE">String</attrtype><attwidth Sync="TRUE">254</attwidth><atprecis Sync="TRUE">0</atprecis><attscale Sync="TRUE">0</attscale></attr><attr><attrlabl Sync="TRUE">Ward_new</attrlabl><attalias Sync="TRUE">Ward_new</attalias><attrtype Sync="TRUE">Integer</attrtype><attwidth Sync="TRUE">4</attwidth><atprecis Sync="TRUE">0</atprecis><attscale Sync="TRUE">0</attscale></attr></detailed></eainfo><mdDateSt Sync="TRUE">20220310</mdDateSt></metadata>
